home_team,home_league,home_goals,home_shots,home_y_cards,home_r_cards,home_poss,home_pass_success,home_won_pg,home_rating,home_shots_pg,home_tackle_pg,home_interceptions_pg,home_fouls_pg,home_offsides_pg,home_shots_target_pg,home_dribble_pg,home_foul_pg,home_xG,home_goals_without_own,home_xGDiff,home_totalShots,home_xGPerShot,home_played,home_wins,home_draw,home_loss,home_goals_conceded,home_goals_diff,home_points,home_wins_6,home_draws_6,home_losses_6,away_team,away_league,away_goals,away_shots,away_y_cards,away_r_cards,away_poss,away_pass_success,away_won_pg,away_rating,away_shots_pg,away_tackle_pg,away_interceptions_pg,away_fouls_pg,away_offsides_pg,away_shots_target_pg,away_dribble_pg,away_foul_pg,away_xG,away_goals_without_own,away_xGDiff,away_totalShots,away_xGPerShot,away_played,away_wins,away_draw,away_loss,away_goals_conceded,away_goals_diff,away_points,away_wins_6,away_draws_6,away_losses_6,match_result
9,0,39,20.0,21,2,68.3,89.4,11.9,6.92,9.0,16.7,6.6,9.4,2.4,7.9,11.0,11.9,34.68,38,3.32,280,0.12,14,11,1,2,16,23,34,5,0,1,6,0,27,14.0,25,2,54.6,86.4,13.9,6.72,9.4,15.7,7.5,11.2,2.1,6.1,7.5,9.9,28.15,24,-4.15,196,0.14,14,9,4,1,11,16,31,6,0,0,2
5,0,14,13.1,24,4,49.0,81.3,14.6,6.51,9.7,15.4,7.4,13.5,1.2,4.1,7.7,12.5,20.21,13,-7.21,184,0.11,14,6,2,6,17,-3,20,2,1,3,73,0,29,20.1,24,2,60.0,89.4,11.0,6.87,10.4,17.6,7.3,10.2,1.9,7.1,10.6,13.0,34.43,29,-5.43,282,0.12,14,10,3,1,13,16,33,3,3,0,0
74,0,7,8.6,27,4,43.0,82.8,13.7,6.45,16.5,17.4,7.1,11.4,2.2,2.8,8.4,10.2,12.93,7,-5.93,121,0.11,14,2,3,9,22,-15,9,0,3,3,54,0,15,10.4,26,3,45.4,79.6,16.7,6.51,14.3,14.9,7.1,11.5,1.4,3.8,7.6,12.3,15.93,15,-0.93,145,0.11,14,3,4,7,22,-7,13,2,2,2,1
91,0,29,13.5,34,1,45.8,85.0,8.9,6.74,12.6,17.8,9.0,12.1,2.0,5.1,8.1,10.6,27.91,29,1.09,189,0.15,14,10,2,2,13,16,32,5,1,0,37,0,13,9.4,32,2,39.6,69.6,15.6,6.57,10.4,18.5,7.5,15.1,2.5,2.9,5.9,13.8,13.1,13,-0.1,132,0.1,14,6,2,6,15,-2,20,3,0,3,2
26,0,12,11.1,33,1,49.5,80.7,18.0,6.51,11.2,18.4,8.1,16.1,2.6,3.4,7.8,13.0,16.95,11,-5.95,156,0.11,14,4,3,7,15,-3,15,1,1,4,75,0,19,13.9,33,0,51.4,82.3,15.7,6.54,12.1,17.3,7.1,15.4,2.4,5.0,7.4,10.7,22.3,19,-3.3,195,0.11,14,4,4,6,21,-2,16,3,2,1,2
72,0,22,14.7,30,1,51.5,85.0,13.6,6.74,11.1,17.2,8.6,10.1,1.4,4.7,7.5,13.6,22.12,21,-1.12,206,0.11,14,6,6,2,14,8,24,2,3,1,9,0,39,20.0,21,2,68.3,89.4,11.9,6.92,9.0,16.7,6.6,9.4,2.4,7.9,11.0,11.9,34.68,38,3.32,280,0.12,14,11,1,2,16,23,34,5,0,1,0
5,0,14,13.1,24,4,49.0,81.3,14.6,6.51,9.7,15.4,7.4,13.5,1.2,4.1,7.7,12.5,20.21,13,-7.21,184,0.11,14,6,2,6,17,-3,20,2,1,3,6,0,27,14.0,25,2,54.6,86.4,13.9,6.72,9.4,15.7,7.5,11.2,2.1,6.1,7.5,9.9,28.15,24,-4.15,196,0.14,14,9,4,1,11,16,31,6,0,0,2
28,0,15,11.1,25,2,58.9,86.9,10.2,6.55,13.0,16.0,8.4,12.6,1.7,4.0,8.5,15.1,16.3,15,-1.3,156,0.1,14,3,7,4,17,-2,16,0,3,3,38,0,13,9.4,27,5,46.5,83.9,12.5,6.44,17.9,13.6,8.6,10.6,1.9,3.7,8.8,12.8,17.31,13,-4.31,132,0.13,14,2,6,6,26,-13,12,1,3,2,2
88,0,13,10.6,26,1,46.9,81.8,11.4,6.51,13.6,15.8,7.7,12.1,1.3,2.9,6.7,10.6,17.6,13,-4.6,149,0.12,14,3,5,6,22,-9,14,1,3,2,79,0,19,11.1,44,1,54.7,81.7,15.8,6.54,11.1,19.0,7.2,15.1,2.9,3.4,7.3,13.9,15.38,17,1.62,156,0.1,14,5,1,8,23,-4,16,1,0,5,1
29,0,18,13.5,26,1,41.4,80.6,14.0,6.6,13.6,15.6,8.1,13.3,1.3,4.6,6.3,10.6,24.24,18,-6.24,189,0.13,14,7,3,4,16,2,24,4,0,2,71,0,13,13.1,31,2,53.4,83.8,8.4,6.54,11.9,17.1,8.3,13.4,1.8,4.3,6.7,9.1,22.25,13,-9.25,184,0.12,14,4,5,5,15,-2,17,2,3,1,2
73,0,29,20.1,24,2,60.0,89.4,11.0,6.87,10.4,17.6,7.3,10.2,1.9,7.1,10.6,13.0,34.43,29,-5.43,282,0.12,14,10,3,1,13,16,33,3,3,0,21,0,16,11.2,26,1,51.4,86.1,8.8,6.51,11.9,16.6,7.8,12.1,1.9,3.8,5.8,11.4,17.39,16,-1.39,157,0.11,14,3,7,4,19,-3,16,3,1,2,0
65,0,12,10.4,30,3,46.3,80.1,17.9,6.51,12.9,15.4,7.1,12.9,0.8,3.3,5.9,11.1,16.6,12,-4.6,145,0.11,14,3,3,8,18,-6,12,0,2,4,48,0,16,10.3,31,1,39.7,77.4,13.4,6.47,17.4,17.3,8.0,12.6,2.1,3.4,6.1,11.2,21.59,16,-5.59,144,0.15,14,2,3,9,26,-10,9,0,1,5,2
15,1,21,13.7,35,1,53.1,81.9,14.5,6.6,11.3,17.7,8.9,12.8,2.3,5.0,7.8,9.8,20.65,21,0.35,178,0.12,13,5,4,4,23,-2,19,1,2,3,30,1,14,10.4,26,1,44.0,80.2,21.0,6.63,14.0,16.1,7.8,10.1,1.2,2.9,6.6,11.3,16.57,14,-2.57,135,0.12,13,5,3,5,17,-3,18,2,1,3,0
35,1,15,11.7,26,0,49.8,82.7,12.4,6.53,10.9,17.4,7.1,12.8,1.8,3.6,6.0,10.9,15.57,12,-3.57,152,0.1,13,5,2,6,17,-2,17,3,0,3,55,1,27,14.4,25,0,57.9,87.9,13.5,6.85,9.2,13.5,7.2,9.8,1.1,5.4,10.4,11.2,25.59,25,-0.59,187,0.14,13,8,1,4,12,15,25,4,0,2,0
62,1,17,11.8,13,2,49.8,81.9,16.2,6.62,11.1,13.2,7.5,11.5,0.7,4.1,6.1,10.4,18.82,17,-1.82,153,0.12,13,5,3,5,16,1,18,3,0,3,84,1,21,9.5,32,0,53.6,83.5,14.5,6.63,11.7,20.2,6.5,11.8,2.1,3.2,9.2,8.8,14.59,20,5.41,124,0.12,13,5,3,5,16,5,18,1,1,4,1
95,1,7,9.4,26,2,47.2,81.1,16.8,6.36,13.2,20.7,8.8,14.0,1.3,3.1,6.0,9.5,11.81,6,-5.81,122,0.1,13,0,2,11,28,-21,2,0,0,6,64,1,13,12.7,20,0,50.7,83.6,13.7,6.52,14.1,17.4,7.8,10.7,1.2,4.1,7.5,10.8,16.63,13,-3.63,165,0.1,13,3,3,7,22,-9,12,2,1,3,0
2,1,25,14.4,18,0,59.0,85.4,16.4,6.82,7.3,15.4,6.5,10.7,1.5,4.9,7.3,10.9,25.1,25,-0.1,187,0.13,13,9,3,1,7,18,30,4,2,0,16,1,21,10.8,25,0,42.9,77.8,19.1,6.59,11.8,15.8,8.3,10.9,1.7,4.4,6.7,8.7,25.29,21,-4.29,141,0.18,13,6,1,6,20,1,19,4,0,2,2
18,1,21,12.6,33,0,50.1,83.3,13.5,6.63,11.2,19.9,7.6,12.0,1.8,4.7,8.3,10.3,19.15,21,1.85,164,0.12,13,6,4,3,16,5,22,4,1,1,3,1,16,11.5,20,1,53.7,84.7,12.9,6.62,12.3,15.2,5.6,10.3,1.2,3.7,6.3,14.2,13.09,16,2.91,149,0.09,13,7,3,3,11,5,24,5,0,1,0
19,1,15,8.0,20,1,39.8,77.3,16.3,6.47,17.0,17.5,9.8,9.9,1.5,3.0,3.5,9.2,11.2,15,3.8,104,0.11,13,3,1,9,27,-12,10,2,0,4,25,1,17,12.2,25,0,42.7,77.1,18.8,6.76,10.9,19.6,9.5,10.5,1.7,4.3,4.1,10.7,23.54,16,-7.54,159,0.15,13,5,5,3,11,6,20,2,2,2,0
46,1,13,11.9,22,0,47.6,82.1,15.2,6.46,11.4,19.1,8.9,10.7,1.5,3.6,6.2,12.3,18.52,13,-5.52,155,0.12,13,3,2,8,25,-12,11,1,0,5,22,1,24,14.2,25,4,57.9,86.3,14.7,6.77,9.2,15.7,10.4,11.3,1.9,5.5,8.0,12.4,24.93,24,-0.93,184,0.14,13,7,3,3,12,12,24,4,1,1,2
50,1,20,14.8,25,0,61.4,85.7,17.5,6.65,11.2,13.2,6.4,10.5,1.9,4.2,7.4,10.5,24.2,20,-4.2,193,0.13,13,7,0,6,20,0,21,2,0,4,82,1,17,9.8,27,1,43.4,79.6,19.1,6.68,14.5,16.7,7.7,10.2,1.5,2.9,5.7,10.3,14.54,16,1.46,127,0.11,13,6,4,3,13,4,22,3,2,1,1
56,1,21,15.2,16,1,52.4,81.3,19.2,6.64,11.1,17.8,7.9,9.9,1.5,5.2,5.6,11.2,23.49,19,-4.49,197,0.12,13,6,3,4,20,1,21,3,2,1,93,1,15,9.8,20,2,43.8,80.1,15.0,6.5,15.2,14.1,7.0,10.7,1.7,3.6,6.2,9.6,14.43,14,-0.43,127,0.11,13,3,2,8,27,-12,11,2,1,3,1
3,1,16,11.5,20,1,53.7,84.7,12.9,6.62,12.3,15.2,5.6,10.3,1.2,3.7,6.3,14.2,13.09,16,2.91,149,0.09,13,7,3,3,11,5,24,5,0,1,2,1,25,14.4,18,0,59.0,85.4,16.4,6.82,7.3,15.4,6.5,10.7,1.5,4.9,7.3,10.9,25.1,25,-0.1,187,0.13,13,9,3,1,7,18,30,4,2,0,2
15,1,21,13.7,35,1,53.1,81.9,14.5,6.6,11.3,17.7,8.9,12.8,2.3,5.0,7.8,9.8,20.65,21,0.35,178,0.12,13,5,4,4,23,-2,19,1,2,3,22,1,24,14.2,25,4,57.9,86.3,14.7,6.77,9.2,15.7,10.4,11.3,1.9,5.5,8.0,12.4,24.93,24,-0.93,184,0.14,13,7,3,3,12,12,24,4,1,1,1
55,1,27,14.4,25,0,57.9,87.9,13.5,6.85,9.2,13.5,7.2,9.8,1.1,5.4,10.4,11.2,25.59,25,-0.59,187,0.14,13,8,1,4,12,15,25,4,0,2,82,1,17,9.8,27,1,43.4,79.6,19.1,6.68,14.5,16.7,7.7,10.2,1.5,2.9,5.7,10.3,14.54,16,1.46,127,0.11,13,6,4,3,13,4,22,3,2,1,2
62,1,17,11.8,13,2,49.8,81.9,16.2,6.62,11.1,13.2,7.5,11.5,0.7,4.1,6.1,10.4,18.82,17,-1.82,153,0.12,13,5,3,5,16,1,18,3,0,3,19,1,15,8.0,20,1,39.8,77.3,16.3,6.47,17.0,17.5,9.8,9.9,1.5,3.0,3.5,9.2,11.2,15,3.8,104,0.11,13,3,1,9,27,-12,10,2,0,4,2
84,1,21,9.5,32,0,53.6,83.5,14.5,6.63,11.7,20.2,6.5,11.8,2.1,3.2,9.2,8.8,14.59,20,5.41,124,0.12,13,5,3,5,16,5,18,1,1,4,16,1,21,10.8,25,0,42.9,77.8,19.1,6.59,11.8,15.8,8.3,10.9,1.7,4.4,6.7,8.7,25.29,21,-4.29,141,0.18,13,6,1,6,20,1,19,4,0,2,2
30,1,14,10.4,26,1,44.0,80.2,21.0,6.63,14.0,16.1,7.8,10.1,1.2,2.9,6.6,11.3,16.57,14,-2.57,135,0.12,13,5,3,5,17,-3,18,2,1,3,64,1,13,12.7,20,0,50.7,83.6,13.7,6.52,14.1,17.4,7.8,10.7,1.2,4.1,7.5,10.8,16.63,13,-3.63,165,0.1,13,3,3,7,22,-9,12,2,1,3,2
46,1,13,11.9,22,0,47.6,82.1,15.2,6.46,11.4,19.1,8.9,10.7,1.5,3.6,6.2,12.3,18.52,13,-5.52,155,0.12,13,3,2,8,25,-12,11,1,0,5,50,1,20,14.8,25,0,61.4,85.7,17.5,6.65,11.2,13.2,6.4,10.5,1.9,4.2,7.4,10.5,24.2,20,-4.2,193,0.13,13,7,0,6,20,0,21,2,0,4,1
18,1,21,12.6,33,0,50.1,83.3,13.5,6.63,11.2,19.9,7.6,12.0,1.8,4.7,8.3,10.3,19.15,21,1.85,164,0.12,13,6,4,3,16,5,22,4,1,1,93,1,15,9.8,20,2,43.8,80.1,15.0,6.5,15.2,14.1,7.0,10.7,1.7,3.6,6.2,9.6,14.43,14,-0.43,127,0.11,13,3,2,8,27,-12,11,2,1,3,1
35,1,15,11.7,26,0,49.8,82.7,12.4,6.53,10.9,17.4,7.1,12.8,1.8,3.6,6.0,10.9,15.57,12,-3.57,152,0.1,13,5,2,6,17,-2,17,3,0,3,25,1,17,12.2,25,0,42.7,77.1,18.8,6.76,10.9,19.6,9.5,10.5,1.7,4.3,4.1,10.7,23.54,16,-7.54,159,0.15,13,5,5,3,11,6,20,2,2,2,0
95,1,7,9.4,26,2,47.2,81.1,16.8,6.36,13.2,20.7,8.8,14.0,1.3,3.1,6.0,9.5,11.81,6,-5.81,122,0.1,13,0,2,11,28,-21,2,0,0,6,56,1,21,15.2,16,1,52.4,81.3,19.2,6.64,11.1,17.8,7.9,9.9,1.5,5.2,5.6,11.2,23.49,19,-4.49,197,0.12,13,6,3,4,20,1,21,3,2,1,0
78,2,16,11.1,28,1,45.6,82.1,13.7,6.54,13.7,14.3,7.7,12.7,1.9,3.9,5.0,13.5,16.64,16,-0.64,144,0.12,13,5,2,6,16,0,17,2,1,3,33,2,10,11.8,30,1,49.5,81.9,14.3,6.4,13.4,13.8,8.8,14.0,2.0,2.8,5.8,16.7,18.65,10,-8.65,154,0.12,13,0,6,7,21,-11,6,0,3,3,2
41,2,28,17.9,19,0,60.3,87.2,14.9,6.79,9.0,13.9,5.9,13.9,1.8,5.3,4.6,11.2,29.04,26,-3.04,233,0.12,13,9,0,4,13,15,27,4,0,2,23,2,19,13.8,30,2,61.0,86.5,14.2,6.75,10.9,17.9,7.2,15.4,0.8,5.4,7.4,12.5,18.2,19,0.8,179,0.1,13,6,6,1,7,12,24,3,3,0,2
89,2,8,12.2,35,0,39.2,72.8,17.2,6.48,12.6,18.9,10.0,17.7,2.1,4.7,6.6,8.1,17.69,8,-9.69,158,0.11,13,0,6,7,20,-12,6,0,2,4,4,2,16,15.0,18,1,56.2,86.3,13.0,6.62,10.8,14.8,6.0,10.5,1.7,4.4,8.4,9.2,20.56,16,-4.56,195,0.11,13,3,7,3,14,2,16,1,2,3,2
24,2,16,8.3,28,0,45.3,77.6,15.2,6.53,17.1,15.7,6.5,11.9,1.9,3.3,4.5,12.2,14.81,16,1.19,108,0.14,13,4,5,4,17,-1,17,2,1,3,45,2,10,9.5,23,0,44.0,76.6,18.1,6.49,12.5,18.3,5.8,12.8,1.1,2.8,5.4,13.2,11.1,10,-1.1,124,0.09,13,3,4,6,17,-7,13,2,1,3,2
20,2,13,9.3,34,0,44.3,80.0,12.3,6.46,13.2,15.3,8.5,16.2,1.5,3.2,5.1,15.2,13.46,13,-0.46,121,0.11,13,2,5,6,19,-6,11,0,3,3,77,2,15,13.7,27,0,58.4,83.7,16.2,6.65,10.2,14.0,7.5,14.5,1.5,5.0,5.2,14.8,18.61,15,-3.61,178,0.1,13,9,0,4,7,8,27,4,0,2,2
43,2,15,10.8,20,2,51.4,85.6,12.2,6.63,13.3,13.8,9.4,10.8,0.6,4.1,5.5,16.4,15.33,15,-0.33,140,0.11,13,5,3,5,10,5,18,3,1,2,12,2,22,13.9,22,1,57.4,82.8,14.9,6.67,9.7,14.5,6.5,14.9,2.4,4.3,6.9,15.1,21.49,22,0.51,181,0.12,13,7,3,3,11,11,24,3,2,1,1
61,2,20,13.4,20,0,56.5,85.9,13.8,6.65,11.0,13.9,7.0,13.2,1.2,5.2,6.5,12.2,20.56,20,-0.56,174,0.12,13,9,1,3,11,9,28,4,1,1,42,2,17,16.8,20,1,58.6,87.0,12.9,6.62,10.8,14.7,6.8,13.2,1.2,5.5,7.6,11.4,21.72,17,-4.72,218,0.1,13,6,5,2,12,5,23,3,2,1,2
69,2,10,9.8,23,1,38.6,76.9,18.5,6.51,16.2,16.6,7.9,13.0,1.4,2.5,5.7,12.0,16.06,9,-7.06,127,0.13,13,1,7,5,18,-8,10,1,4,1,68,2,9,10.9,23,3,42.2,76.5,17.5,6.44,13.5,15.2,6.7,11.1,1.2,3.0,4.2,13.5,14.02,9,-5.02,142,0.1,13,2,5,6,17,-8,11,1,2,3,0
86,2,14,11.8,26,0,46.8,81.0,16.5,6.53,12.5,16.3,7.5,13.8,1.0,3.8,7.2,11.4,18.25,14,-4.25,153,0.12,13,5,3,5,20,-6,18,3,0,3,36,2,13,12.4,32,1,49.4,78.7,18.2,6.51,10.5,17.3,7.5,14.8,1.5,4.1,7.0,13.9,19.43,13,-6.43,161,0.12,13,2,5,6,20,-7,11,2,2,2,0
83,2,12,11.5,23,0,42.5,79.8,15.9,6.42,14.7,14.2,8.2,13.7,1.8,4.1,6.2,10.5,17.06,11,-6.06,150,0.11,13,3,5,5,23,-11,14,1,3,2,0,2,19,13.3,21,1,49.9,87.4,11.1,6.78,11.5,13.5,5.9,9.8,1.8,4.6,6.6,11.4,22.37,19,-3.37,173,0.13,13,8,4,1,9,10,28,3,3,0,0
53,3,11,11.3,29,5,46.7,75.1,22.1,6.43,15.4,12.1,10.6,13.2,2.8,2.7,6.5,11.1,16.1,11,-5.1,136,0.12,12,1,3,8,23,-12,6,0,2,4,14,3,16,11.7,18,1,44.8,83.9,14.8,6.63,15.3,18.5,8.0,11.7,2.1,4.5,4.4,9.9,17.65,16,-1.65,140,0.13,12,3,4,5,19,-3,13,3,1,2,0
32,3,21,13.3,23,0,47.1,82.3,18.1,6.63,14.8,13.4,8.5,9.5,1.9,4.4,4.8,10.9,20.16,21,0.84,159,0.13,12,4,3,5,20,1,15,1,2,3,80,3,10,11.7,22,0,48.6,80.4,12.9,6.38,11.1,17.5,8.3,11.3,2.2,3.7,5.1,10.1,12.59,10,-2.59,140,0.09,12,2,1,9,24,-14,7,0,0,6,1
90,3,21,15.5,24,0,59.4,85.3,17.2,6.71,12.2,13.8,9.3,10.9,2.3,5.5,5.6,11.9,19.85,21,1.15,186,0.11,12,7,1,4,17,4,22,3,1,2,11,3,44,19.2,27,0,67.2,90.3,9.0,7.02,8.8,12.3,7.9,9.8,2.1,8.0,8.4,9.3,33.21,43,9.79,230,0.14,12,11,1,0,9,35,34,5,1,0,0
94,3,14,12.7,21,1,45.2,80.0,14.2,6.53,14.5,14.5,11.0,11.2,1.0,4.2,3.8,10.1,17.84,14,-3.84,152,0.12,12,2,3,7,22,-8,9,1,1,4,87,3,15,11.6,28,1,34.0,70.7,21.0,6.54,13.9,13.8,8.8,13.8,2.0,3.3,4.3,10.8,15.91,15,-0.91,139,0.11,12,4,3,5,19,-4,15,2,2,2,2
7,3,15,12.3,33,1,45.9,78.9,16.4,6.45,13.7,15.6,9.8,13.2,2.5,4.0,6.9,11.3,13.38,15,1.62,148,0.09,12,3,1,8,27,-12,10,1,1,4,10,3,28,13.8,25,2,59.6,88.9,13.0,6.7,11.7,13.7,6.6,8.8,1.1,5.0,7.5,11.4,24.67,28,3.33,165,0.15,12,7,2,3,17,11,23,4,0,2,2
31,3,10,10.3,19,1,40.4,77.5,13.9,6.37,15.8,13.9,9.8,10.6,1.7,3.5,5.8,11.3,13.56,10,-3.56,124,0.11,12,2,2,8,27,-17,8,1,2,3,34,3,19,12.0,15,2,49.9,82.5,18.2,6.54,11.9,14.2,8.7,8.8,2.2,3.9,6.0,12.8,19.23,18,-1.23,144,0.13,12,4,4,4,20,-1,16,2,2,2,2
70,3,22,16.8,20,0,49.3,84.4,11.1,6.83,13.8,16.1,10.2,9.5,1.7,5.8,11.0,10.3,24.8,21,-3.8,201,0.12,12,8,2,2,13,9,26,4,1,1,27,3,28,13.3,19,0,55.5,83.9,14.7,6.66,11.1,16.9,8.8,9.5,1.3,4.8,6.8,9.2,20.38,28,7.62,160,0.13,12,6,3,3,23,5,21,3,3,0,2
39,3,11,13.3,21,5,46.6,82.5,15.1,6.5,15.1,14.8,6.9,13.4,2.6,4.6,7.1,12.3,15.95,11,-4.95,160,0.1,12,3,3,6,18,-7,12,1,1,4,92,3,16,12.8,27,2,49.0,82.3,13.5,6.58,15.7,17.4,9.0,9.4,1.5,4.8,5.8,9.3,15.83,16,0.17,154,0.1,12,4,4,4,21,-5,16,2,3,1,2
13,3,21,12.6,21,1,53.9,85.2,13.8,6.73,10.6,14.0,7.8,12.0,1.4,4.5,6.9,10.1,19.64,21,1.36,151,0.13,12,7,4,1,11,10,25,3,2,1,40,3,25,13.8,24,0,52.8,80.0,20.2,6.73,12.7,15.9,8.1,15.1,1.9,4.8,5.4,9.4,22.08,23,0.92,165,0.13,12,7,2,3,17,8,23,5,1,0,2
17,4,19,12.1,23,1,44.0,79.8,16.5,6.57,12.7,18.3,8.4,12.6,1.1,3.9,5.9,9.9,21.62,18,-3.62,169,0.13,14,4,4,6,24,-5,16,2,1,3,59,4,26,12.7,33,4,54.0,84.3,13.5,6.58,13.6,17.6,10.9,12.9,2.4,4.1,5.6,10.9,29.55,24,-5.55,178,0.17,14,7,2,5,25,1,23,3,0,3,2
49,4,28,15.8,33,2,57.1,84.9,13.1,6.7,9.5,14.6,8.6,13.4,1.4,5.2,7.2,12.3,30.15,28,-2.15,221,0.14,14,8,2,4,17,11,26,4,0,2,57,4,35,14.6,31,2,60.5,90.1,10.3,6.78,9.2,13.8,7.0,11.9,1.2,5.9,5.7,9.7,29.05,34,4.95,205,0.14,14,9,2,3,14,21,29,3,2,1,2
60,4,12,9.9,23,1,42.7,79.7,11.8,6.45,16.1,14.7,6.2,11.8,1.0,2.4,7.9,12.6,14.13,12,-2.13,139,0.1,14,2,5,7,22,-10,11,1,2,3,47,4,24,13.4,29,3,46.8,84.1,12.1,6.76,13.2,19.1,10.8,12.9,2.1,5.1,7.4,11.6,29.92,23,-6.92,188,0.16,14,10,1,3,12,12,31,5,0,1,0
85,4,20,13.0,34,1,41.4,80.4,17.0,6.6,11.8,16.1,9.0,13.9,1.0,3.9,8.6,10.9,21.57,19,-2.57,182,0.12,14,4,5,5,19,1,17,0,4,2,81,4,25,11.6,28,4,50.8,87.0,10.2,6.66,10.4,17.2,7.1,11.9,1.6,4.6,8.6,13.4,23.89,25,1.11,163,0.15,14,7,1,6,19,6,22,2,0,4,2
67,4,27,17.8,18,0,71.0,91.6,7.5,6.78,8.9,14.4,6.0,10.3,1.0,6.6,8.4,8.9,28.06,27,-1.06,249,0.11,14,9,3,2,12,15,30,4,1,1,76,4,24,13.1,25,3,50.7,84.9,10.9,6.66,14.4,15.6,8.4,11.6,2.1,4.7,6.6,11.7,22.04,23,0.96,183,0.12,14,6,6,2,18,6,24,4,1,1,2
63,4,19,11.2,30,1,46.9,83.9,13.2,6.54,16.4,13.7,8.5,12.5,1.6,4.0,7.1,11.6,19.62,17,-2.62,157,0.12,14,5,2,7,26,-7,17,2,0,4,1,4,12,8.6,20,1,39.6,81.8,10.6,6.51,15.5,18.4,9.7,11.4,1.9,3.1,5.2,10.6,14.53,11,-3.53,120,0.12,14,4,4,6,17,-5,16,3,1,2,0
8,4,8,10.6,26,4,44.0,80.9,12.9,6.45,12.1,17.6,10.1,13.8,1.4,3.4,7.1,14.0,16.46,7,-9.46,149,0.11,14,2,3,9,20,-12,9,0,2,4,58,4,14,9.2,19,3,48.3,85.6,9.1,6.39,14.9,17.1,6.6,11.0,1.2,3.1,6.9,11.4,16.46,13,-3.46,129,0.13,14,3,2,9,31,-17,11,3,0,3,2
44,4,13,11.7,26,1,45.6,81.7,14.4,6.52,11.5,16.6,9.4,14.1,1.9,3.8,5.4,12.1,17.62,13,-4.62,164,0.11,14,3,5,6,21,-8,14,2,2,2,66,4,21,12.6,26,2,54.5,86.4,11.3,6.46,11.4,15.0,7.4,11.4,2.3,3.9,5.3,10.9,22.92,21,-1.92,177,0.13,14,4,3,7,26,-5,15,1,2,3,1
51,4,18,12.0,31,1,43.5,84.5,11.7,6.45,9.8,14.0,9.3,10.7,1.6,3.9,7.2,13.8,20.97,17,-3.97,168,0.12,14,3,5,6,28,-10,14,1,3,2,52,4,21,12.6,26,4,54.9,86.2,11.1,6.67,11.3,14.6,7.6,14.1,1.6,4.6,5.1,13.3,23.85,20,-3.85,177,0.13,14,7,3,4,15,6,24,2,3,1,2
