team,played,wins,draw,loss,goals,goals_conceded,goals_diff,points,wins_6,draws_6,losses_6
Barcelona,14,11,1,2,39,16,+23,34,5,0,1
Real Madrid,14,10,3,1,29,13,+16,33,3,3,0
Villarreal,14,10,2,2,29,13,+16,32,5,1,0
Atletico Madrid,14,9,4,1,27,11,+16,31,6,0,0
Real Betis,14,6,6,2,22,14,+8,24,2,3,1
Espanyol,14,7,3,4,18,16,+2,24,4,0,2
Getafe,14,6,2,6,13,15,-2,20,3,0,3
Athletic Club,14,6,2,6,14,17,-3,20,2,1,3
Rayo Vallecano,14,4,5,5,13,15,-2,17,2,3,1
Real Sociedad,14,4,4,6,19,21,-2,16,3,2,1
Elche,14,3,7,4,15,17,-2,16,0,3,3
Celta Vigo,14,3,7,4,16,19,-3,16,3,1,2
Sevilla,14,5,1,8,19,23,-4,16,1,0,5
Deportivo Alaves,14,4,3,7,12,15,-3,15,1,1,4
Valencia,14,3,5,6,13,22,-9,14,1,3,2
Mallorca,14,3,4,7,15,22,-7,13,2,2,2
Osasuna,14,3,3,8,12,18,-6,12,0,2,4
Girona,14,2,6,6,13,26,-13,12,1,3,2
Levante,14,2,3,9,16,26,-10,9,0,1,5
Real Oviedo,14,2,3,9,7,22,-15,9,0,3,3
Arsenal,13,9,3,1,25,7,+18,30,4,2,0
Manchester City,13,8,1,4,27,12,+15,25,4,0,2
Chelsea,13,7,3,3,24,12,+12,24,4,1,1
Aston Villa,13,7,3,3,16,11,+5,24,5,0,1
Brighton,13,6,4,3,21,16,+5,22,4,1,1
Sunderland,13,6,4,3,17,13,+4,22,3,2,1
Manchester United,13,6,3,4,21,20,+1,21,3,2,1
Liverpool,13,7,0,6,20,20,0,21,2,0,4
Crystal Palace,13,5,5,3,17,11,+6,20,2,2,2
Brentford,13,6,1,6,21,20,+1,19,4,0,2
Bournemouth,13,5,4,4,21,23,-2,19,1,2,3
Tottenham,13,5,3,5,21,16,+5,18,1,1,4
Newcastle,13,5,3,5,17,16,+1,18,3,0,3
Everton,13,5,3,5,14,17,-3,18,2,1,3
Fulham,13,5,2,6,15,17,-2,17,3,0,3
Nottingham Forest,13,3,3,7,13,22,-9,12,2,1,3
West Ham,13,3,2,8,15,27,-12,11,2,1,3
Leeds,13,3,2,8,13,25,-12,11,1,0,5
Burnley,13,3,1,9,15,27,-12,10,2,0,4
Wolves,13,0,2,11,7,28,-21,2,0,0,6
AC Milan,13,8,4,1,19,9,+10,28,3,3,0
Napoli,13,9,1,3,20,11,+9,28,4,1,1
Inter,13,9,0,4,28,13,+15,27,4,0,2
Roma,13,9,0,4,15,7,+8,27,4,0,2
Como,13,6,6,1,19,7,+12,24,3,3,0
Bologna,13,7,3,3,22,11,+11,24,3,2,1
Juventus,13,6,5,2,17,12,+5,23,3,2,1
Lazio,13,5,3,5,15,10,+5,18,3,1,2
Udinese,13,5,3,5,14,20,-6,18,3,0,3
Sassuolo,13,5,2,6,16,16,0,17,2,1,3
Cremonese,13,4,5,4,16,17,-1,17,2,1,3
Atalanta,13,3,7,3,16,14,+2,16,1,2,3
Torino,13,3,5,5,12,23,-11,14,1,3,2
Lecce,13,3,4,6,10,17,-7,13,2,1,3
Cagliari,13,2,5,6,13,19,-6,11,0,3,3
Genoa,13,2,5,6,13,20,-7,11,2,2,2
Parma Calcio 1913,13,2,5,6,9,17,-8,11,1,2,3
Pisa,13,1,7,5,10,18,-8,10,1,4,1
Fiorentina,13,0,6,7,10,21,-11,6,0,3,3
Verona,13,0,6,7,8,20,-12,6,0,2,4
Bayern Munich,12,11,1,0,44,9,+35,34,5,1,0
RB Leipzig,12,8,2,2,22,13,+9,26,4,1,1
Borussia Dortmund,12,7,4,1,21,11,+10,25,3,2,1
Bayer Leverkusen,12,7,2,3,28,17,+11,23,4,0,2
Hoffenheim,12,7,2,3,25,17,+8,23,5,1,0
VfB Stuttgart,12,7,1,4,21,17,+4,22,3,1,2
Eintracht Frankfurt,12,6,3,3,28,23,+5,21,3,3,0
Freiburg,12,4,4,4,19,20,-1,16,2,2,2
Werder Bremen,12,4,4,4,16,21,-5,16,2,3,1
FC Koln,12,4,3,5,21,20,+1,15,1,2,3
Union Berlin,12,4,3,5,15,19,-4,15,2,2,2
Borussia M.Gladbach,12,3,4,5,16,19,-3,13,3,1,2
Hamburger SV,12,3,3,6,11,18,-7,12,1,1,4
Augsburg,12,3,1,8,15,27,-12,10,1,1,4
Wolfsburg,12,2,3,7,14,22,-8,9,1,1,4
FC Heidenheim,12,2,2,8,10,27,-17,8,1,2,3
St. Pauli,12,2,1,9,10,24,-14,7,0,0,6
Mainz 05,12,1,3,8,11,23,-12,6,0,2,4
Lens,14,10,1,3,24,12,+12,31,5,0,1
Paris Saint-Germain,14,9,3,2,27,12,+15,30,4,1,1
Marseille,14,9,2,3,35,14,+21,29,3,2,1
Lille,14,8,2,4,28,17,+11,26,4,0,2
Rennes,14,6,6,2,24,18,+6,24,4,1,1
Lyon,14,7,3,4,21,15,+6,24,2,3,1
Monaco,14,7,2,5,26,25,+1,23,3,0,3
Strasbourg,14,7,1,6,25,19,+6,22,2,0,4
Toulouse,14,4,5,5,20,19,+1,17,0,4,2
Nice,14,5,2,7,19,26,-7,17,2,0,4
Brest,14,4,4,6,19,24,-5,16,2,1,3
Angers,14,4,4,6,12,17,-5,16,3,1,2
Paris FC,14,4,3,7,21,26,-5,15,1,2,3
Le Havre,14,3,5,6,13,21,-8,14,2,2,2
Lorient,14,3,5,6,18,28,-10,14,1,3,2
Nantes,14,2,5,7,12,22,-10,11,1,2,3
Metz,14,3,2,9,14,31,-17,11,3,0,3
Auxerre,14,2,3,9,8,20,-12,9,0,2,4
