home_team,result_match,away_team
Barcelona,2,Atletico Madrid
Athletic Club,0,Real Madrid
Real Oviedo,1,Mallorca
Villarreal,2,Getafe
Deportivo Alaves,2,Real Sociedad
Real Betis,0,Barcelona
Athletic Club,2,Atletico Madrid
Elche,2,Girona
Valencia,1,Sevilla
Espanyol,2,Rayo Vallecano
Real Madrid,0,Celta Vigo
Osasuna,2,Levante
Bournemouth,0,Everton
Fulham,0,Manchester City
Newcastle,1,Tottenham
Wolves,0,Nottingham Forest
Arsenal,2,Brentford
Brighton,0,Aston Villa
Burnley,0,Crystal Palace
Leeds,2,Chelsea
Liverpool,1,Sunderland
Manchester United,1,West Ham
Aston Villa,2,Arsenal
Bournemouth,1,Chelsea
Manchester City,2,Sunderland
Newcastle,2,Burnley
Tottenham,2,Brentford
Everton,2,Nottingham Forest
Leeds,1,Liverpool
Brighton,1,West Ham
Fulham,0,Crystal Palace
Wolves,0,Manchester United
Sassuolo,2,Fiorentina
Inter,2,Como
Verona,2,Atalanta
Cremonese,2,Lecce
Cagliari,2,Roma
Lazio,1,Bologna
Napoli,2,Juventus
Pisa,0,Parma Calcio 1913
Udinese,0,Genoa
Torino,0,AC Milan
Mainz 05,0,Borussia M.Gladbach
FC Koln,1,St. Pauli
VfB Stuttgart,0,Bayern Munich
Wolfsburg,2,Union Berlin
Augsburg,2,Bayer Leverkusen
FC Heidenheim,2,Freiburg
RB Leipzig,2,Eintracht Frankfurt
Hamburger SV,2,Werder Bremen
Borussia Dortmund,2,Hoffenheim
Brest,2,Monaco
Lille,2,Marseille
Nantes,0,Lens
Toulouse,2,Strasbourg
Paris Saint-Germain,2,Rennes
Nice,0,Angers
Auxerre,2,Metz
Le Havre,1,Paris FC
Lorient,2,Lyon
